<xml xmlns:o="urn:schemas-microsoft-com:office:office">
 <o:MainFile
  HRef="../ELTP%20-%20Common%20-%20ORACLE%20-%20MTT%20-%20Set%201.htm"/>
 <o:File HRef="stylesheet.css"/>
 <o:File HRef="tabstrip.htm"/>
 <o:File HRef="sheet001.htm"/>
 <o:File HRef="sheet002.htm"/>
 <o:File HRef="image001.png"/>
 <o:File HRef="image002.gif"/>
 <o:File HRef="image003.png"/>
 <o:File HRef="image004.gif"/>
 <o:File HRef="image005.png"/>
 <o:File HRef="image006.gif"/>
 <o:File HRef="filelist.xml"/>
</xml>